time,tug_x,tug_y,tug_yaw,ac_x,ac_y,ac_yaw
0.0,0.0,9.081,1.5708,-0.0,0.2,1.5708
0.1,0.0,9.281,1.5708,-0.0,0.4,1.5708
0.2,0.0,9.481,1.5708,-0.0,0.6,1.5708
0.3,0.0,9.681,1.5708,-0.0,0.8,1.5708
0.4,0.0,9.881,1.5708,-0.0,1.0,1.5708
0.5,0.0,10.081,1.5708,-0.0,1.2,1.5708
0.6,0.0,10.281,1.5708,-0.0,1.4,1.5708
0.7,0.0,10.481,1.5708,-0.0,1.6,1.5708
0.8,0.0,10.681,1.5708,-0.0,1.8,1.5708
0.9,0.0,10.881,1.5708,-0.0,2.0,1.5708
1.0,0.0,11.081,1.5708,-0.0,2.2,1.5708
1.1,0.0,11.281,1.5708,-0.0,2.4,1.5708
1.2,0.0,11.481,1.5708,-0.0,2.6,1.5708
1.3,0.0,11.681,1.5708,-0.0,2.8,1.5708
1.4,0.0,11.881,1.5708,-0.0,3.0,1.5708
1.5,0.0,12.081,1.5708,-0.0,3.2,1.5708
1.6,0.0,12.281,1.5708,-0.0,3.4,1.5708
1.7,0.0,12.481,1.5708,-0.0,3.6,1.5708
1.8,0.0,12.681,1.5708,-0.0,3.8,1.5708
1.9,0.0,12.881,1.5708,-0.0,4.0,1.5708
2.0,0.0,13.081,1.5708,-0.0,4.2,1.5708
2.1,0.0,13.281,1.5708,-0.0,4.4,1.5708
2.2,0.0,13.481,1.5708,-0.0,4.6,1.5708
2.3,0.0,13.681,1.5708,-0.0,4.8,1.5708
2.4,0.0,13.881,1.5708,-0.0,5.0,1.5708
2.5,0.0,14.081,1.5708,-0.0,5.2,1.5708
2.6,0.0,14.281,1.5708,-0.0,5.4,1.5708
2.7,0.0,14.481,1.5708,-0.0,5.6,1.5708
2.8,0.0,14.681,1.5708,-0.0,5.8,1.5708
2.9,0.0,14.881,1.5708,-0.0,6.0,1.5708
3.0,0.0,15.081,1.5708,-0.0,6.2,1.5708
3.1,0.0,15.281,1.5708,-0.0,6.4,1.5708
3.2,0.0,15.481,1.5708,-0.0,6.6,1.5708
3.3,0.0,15.681,1.5708,-0.0,6.8,1.5708
3.4,0.0,15.881,1.5708,-0.0,7.0,1.5708
3.5,0.0,16.081,1.5708,-0.0,7.2,1.5708
3.6,0.0,16.281,1.5708,-0.0,7.4,1.5708
3.7,0.0,16.481,1.5708,-0.0,7.6,1.5708
3.8,0.0,16.681,1.5708,-0.0,7.8,1.5708
3.9,0.0,16.881,1.5708,-0.0,8.0,1.5708
4.0,0.0,17.081,1.5708,-0.0,8.2,1.5708
4.1,0.0,17.281,1.5708,-0.0,8.4,1.5708
4.2,0.0,17.481,1.5708,-0.0,8.6,1.5708
4.3,0.0,17.681,1.5708,-0.0,8.8,1.5708
4.4,0.0,17.881,1.5708,0.0,9.0,1.5708
4.5,0.0,18.081,1.5708,0.0,9.2,1.5708
4.6,0.0,18.281,1.5708,0.0,9.4,1.5708
4.7,0.0,18.481,1.5708,0.0,9.6,1.5708
4.8,0.0,18.681,1.5708,0.0,9.8,1.5708
4.9,0.0,18.881,1.5708,0.0,10.0,1.5708
5.0,0.0,19.081,1.5196,-0.0001,10.2001,1.5714
5.1,0.0102,19.2807,1.4683,-0.0001,10.4003,1.5708
5.2,0.0307,19.4797,1.4171,0.0002,10.5999,1.5691
5.3,0.0613,19.6773,1.3659,0.0011,10.7985,1.5663
5.4,0.102,19.8731,1.3147,0.0028,10.9957,1.5624
5.5,0.1527,20.0666,1.2634,0.0054,11.1911,1.5575
5.6,0.2132,20.2573,1.2122,0.0091,11.3842,1.5516
5.7,0.2834,20.4445,1.161,0.0141,11.5748,1.5447
5.8,0.3631,20.628,1.1098,0.0205,11.7625,1.5368
5.9,0.452,20.8071,1.0585,0.0283,11.9469,1.5281
6.0,0.5501,20.9814,1.0073,0.0378,12.1279,1.5185
6.1,0.6569,21.1505,0.9561,0.0489,12.3051,1.5081
6.2,0.7722,21.3139,0.9049,0.0618,12.4782,1.4969
6.3,0.8958,21.4712,0.8536,0.0763,12.6472,1.4849
6.4,1.0272,21.6219,0.8024,0.0926,12.8117,1.4721
6.5,1.1662,21.7657,0.7512,0.1106,12.9716,1.4587
6.6,1.3124,21.9022,0.7,0.1303,13.1267,1.4446
6.7,1.4654,22.031,0.6487,0.1516,13.2768,1.4298
6.8,1.6247,22.1519,0.5975,0.1745,13.4218,1.4144
6.9,1.7901,22.2644,0.5463,0.1988,13.5615,1.3985
7.0,1.961,22.3683,0.4951,0.2245,13.6959,1.3819
7.1,2.137,22.4633,0.4438,0.2514,13.8249,1.3649
7.2,2.3176,22.5492,0.3926,0.2794,13.9482,1.3474
7.3,2.5024,22.6257,0.3414,0.3084,14.066,1.3293
7.4,2.6908,22.6927,0.2902,0.3382,14.178,1.3109
7.5,2.8825,22.7499,0.2389,0.3687,14.2843,1.292
7.6,3.0768,22.7972,0.1877,0.3996,14.3848,1.2727
7.7,3.2733,22.8346,0.1365,0.4307,14.4795,1.253
7.8,3.4714,22.8618,0.0853,0.4619,14.5684,1.233
7.9,3.6707,22.8788,0.034,0.493,14.6514,1.2127
8.0,3.8706,22.8856,-0.0172,0.5237,14.7287,1.192
8.1,4.0706,22.8856,0.0,0.5526,14.7971,1.171
8.2,4.2706,22.8856,0.0,0.5852,14.8699,1.1502
8.3,4.4706,22.8856,0.0,0.6209,14.9455,1.1296
8.4,4.6706,22.8856,0.0,0.6597,15.0236,1.1092
8.5,4.8706,22.8856,0.0,0.7019,15.1041,1.089
8.6,5.0706,22.8856,0.0,0.7473,15.1869,1.069
8.7,5.2706,22.8856,0.0,0.7961,15.2718,1.0493
8.8,5.4706,22.8856,0.0,0.8482,15.3587,1.0298
8.9,5.6706,22.8856,0.0,0.9039,15.4473,1.0105
9.0,5.8706,22.8856,0.0,0.9629,15.5376,0.9914
9.1,6.0706,22.8856,0.0,1.0255,15.6294,0.9726
9.2,6.2706,22.8856,0.0,1.0915,15.7226,0.954
9.3,6.4706,22.8856,0.0,1.1611,15.8169,0.9357
9.4,6.6706,22.8856,0.0,1.234,15.9123,0.9176
9.5,6.8706,22.8856,0.0,1.3105,16.0086,0.8998
9.6,7.0706,22.8856,0.0,1.3904,16.1057,0.8822
9.7,7.2706,22.8856,0.0,1.4737,16.2034,0.8648
9.8,7.4706,22.8856,0.0,1.5605,16.3017,0.8478
9.9,7.6706,22.8856,0.0,1.6505,16.4003,0.8309
10.0,7.8706,22.8856,0.0,1.7439,16.4993,0.8144
10.1,8.0706,22.8856,0.0,1.8406,16.5984,0.7981
10.2,8.2706,22.8856,0.0,1.9404,16.6976,0.782
10.3,8.4706,22.8856,0.0,2.0435,16.7968,0.7662
10.4,8.6706,22.8856,0.0,2.1496,16.8958,0.7507
10.5,8.8706,22.8856,0.0,2.2589,16.9946,0.7354
10.6,9.0706,22.8856,0.0,2.3711,17.0931,0.7204
10.7,9.2706,22.8856,0.0,2.4863,17.1912,0.7056
10.8,9.4706,22.8856,0.0,2.6043,17.2889,0.6911
10.9,9.6706,22.8856,0.0,2.7251,17.386,0.6768
11.0,9.8706,22.8856,0.0,2.8487,17.4824,0.6628
11.1,10.0706,22.8856,0.0,2.975,17.5782,0.649
11.2,10.2706,22.8856,0.0,3.1039,17.6733,0.6355
11.3,10.4706,22.8856,0.0,3.2353,17.7676,0.6222
11.4,10.6706,22.8856,0.0,3.3692,17.861,0.6092
11.5,10.8706,22.8856,0.0,3.5055,17.9535,0.5964
11.6,11.0706,22.8856,0.0,3.6442,18.0451,0.5839
11.7,11.2706,22.8856,0.0,3.7851,18.1358,0.5715
11.8,11.4706,22.8856,0.0,3.9282,18.2254,0.5594
11.9,11.6706,22.8856,0.0,4.0735,18.314,0.5476
12.0,11.8706,22.8856,0.0,4.2208,18.4015,0.536
12.1,12.0706,22.8856,0.0,4.3702,18.4879,0.5245
12.2,12.2706,22.8856,0.0,4.5215,18.5732,0.5134
12.3,12.4706,22.8856,0.0,4.6746,18.6573,0.5024
12.4,12.6706,22.8856,0.0,4.8296,18.7403,0.4916
12.5,12.8706,22.8856,0.0,4.9863,18.8221,0.4811
12.6,13.0706,22.8856,0.0,5.1448,18.9028,0.4708
12.7,13.2706,22.8856,0.0,5.3049,18.9822,0.4606
12.8,13.4706,22.8856,0.0,5.4665,19.0605,0.4507
12.9,13.6706,22.8856,0.0,5.6297,19.1375,0.441
13.0,13.8706,22.8856,0.0,5.7944,19.2133,0.4315
13.1,14.0706,22.8856,0.0,5.9604,19.2879,0.4221
13.2,14.2706,22.8856,0.0,6.1279,19.3613,0.413
13.3,14.4706,22.8856,0.0,6.2966,19.4334,0.404
13.4,14.6706,22.8856,0.0,6.4667,19.5044,0.3953
13.5,14.8706,22.8856,0.0,6.6379,19.5741,0.3867
13.6,15.0706,22.8856,0.0,6.8104,19.6426,0.3783
13.7,15.2706,22.8856,0.0,6.9839,19.7099,0.37
13.8,15.4706,22.8856,0.0,7.1586,19.7761,0.362
13.9,15.6706,22.8856,0.0,7.3343,19.841,0.3541
14.0,15.8706,22.8856,0.0,7.511,19.9048,0.3463
14.1,16.0706,22.8856,0.0,7.6887,19.9674,0.3388
14.2,16.2706,22.8856,0.0,7.8673,20.0289,0.3314
14.3,16.4706,22.8856,0.0,8.0468,20.0892,0.3241
14.4,16.6706,22.8856,0.0,8.2271,20.1483,0.317
14.5,16.8706,22.8856,0.0,8.4083,20.2064,0.3101
14.6,17.0706,22.8856,0.0,8.5903,20.2633,0.3033
14.7,17.2706,22.8856,0.0,8.773,20.3192,0.2966
14.8,17.4706,22.8856,0.0,8.9565,20.3739,0.2901
14.9,17.6706,22.8856,0.0,9.1406,20.4276,0.2837
15.0,17.8706,22.8856,0.0,9.3254,20.4803,0.2775
15.1,18.0706,22.8856,0.0,9.5109,20.5319,0.2714
15.2,18.2706,22.8856,0.0,9.697,20.5824,0.2654
15.3,18.4706,22.8856,0.0,9.8837,20.632,0.2595
15.4,18.6706,22.8856,0.0,10.0709,20.6806,0.2538
15.5,18.8706,22.8856,0.0,10.2587,20.7282,0.2482
15.6,19.0706,22.8856,0.0,10.447,20.7748,0.2428
15.7,19.2706,22.8856,0.0,10.6359,20.8205,0.2374
15.8,19.4706,22.8856,0.0,10.8252,20.8653,0.2322
15.9,19.6706,22.8856,0.0,11.0149,20.9091,0.227
16.0,19.8706,22.8856,0.0,11.2051,20.952,0.222
16.1,20.0706,22.8856,0.0,11.3957,20.9941,0.2171
16.2,20.2706,22.8856,0.0,11.5867,21.0353,0.2123
16.3,20.4706,22.8856,0.0,11.7781,21.0756,0.2076
16.4,20.6706,22.8856,0.0,11.9699,21.1151,0.203
16.5,20.8706,22.8856,0.0,12.1621,21.1537,0.1985
16.6,21.0706,22.8856,0.0,12.3545,21.1916,0.1941
16.7,21.2706,22.8856,0.0,12.5473,21.2286,0.1898
16.8,21.4706,22.8856,0.0,12.7404,21.2649,0.1856
16.9,21.6706,22.8856,0.0,12.9338,21.3004,0.1815
17.0,21.8706,22.8856,0.0,13.1275,21.3351,0.1775
17.1,22.0706,22.8856,0.0,13.3215,21.3691,0.1736
17.2,22.2706,22.8856,0.0,13.5157,21.4024,0.1697
17.3,22.4706,22.8856,0.0,13.7102,21.435,0.166
17.4,22.6706,22.8856,0.0,13.9049,21.4669,0.1623
17.5,22.8706,22.8856,0.0,14.0999,21.4981,0.1587
17.6,23.0706,22.8856,0.0,14.2951,21.5286,0.1552
17.7,23.2706,22.8856,0.0,14.4904,21.5585,0.1517
17.8,23.4706,22.8856,0.0,14.686,21.5877,0.1484
17.9,23.6706,22.8856,0.0,14.8818,21.6163,0.1451
18.0,23.8706,22.8856,0.0,15.0778,21.6443,0.1418
18.1,24.0706,22.8856,0.0,15.2739,21.6717,0.1387
18.2,24.2706,22.8856,0.0,15.4702,21.6984,0.1356
18.3,24.4706,22.8856,0.0,15.6667,21.7246,0.1326
18.4,24.6706,22.8856,0.0,15.8633,21.7503,0.1297
18.5,24.8706,22.8856,0.0,16.06,21.7754,0.1268
18.6,25.0706,22.8856,0.0,16.257,21.7999,0.124
18.7,25.2706,22.8856,0.0,16.454,21.8239,0.1212
18.8,25.4706,22.8856,0.0,16.6512,21.8474,0.1185
18.9,25.6706,22.8856,0.0,16.8485,21.8703,0.1159
19.0,25.8706,22.8856,0.0,17.0459,21.8928,0.1133
19.1,26.0706,22.8856,0.0,17.2434,21.9148,0.1108
19.2,26.2706,22.8856,0.0,17.441,21.9363,0.1083
19.3,26.4706,22.8856,0.0,17.6388,21.9573,0.1059
19.4,26.6706,22.8856,0.0,17.8366,21.9779,0.1036
19.5,26.8706,22.8856,0.0,18.0346,21.998,0.1013
19.6,27.0706,22.8856,0.0,18.2326,22.0176,0.099
19.7,27.2706,22.8856,0.0,18.4307,22.0369,0.0968
19.8,27.4706,22.8856,0.0,18.6289,22.0557,0.0947
19.9,27.6706,22.8856,0.0,18.8272,22.0741,0.0925
20.0,27.8706,22.8856,0.0,19.0255,22.0921,0.0905
20.1,28.0706,22.8856,0.0,19.2239,22.1097,0.0885
20.2,28.2706,22.8856,0.0,19.4224,22.1269,0.0865
20.3,28.4706,22.8856,0.0,19.621,22.1437,0.0846
20.4,28.6706,22.8856,0.0,19.8196,22.1602,0.0827
20.5,28.8706,22.8856,0.0,20.0183,22.1763,0.0809
20.6,29.0706,22.8856,0.0,20.217,22.1921,0.0791
20.7,29.2706,22.8856,0.0,20.4158,22.2075,0.0773
20.8,29.4706,22.8856,0.0,20.6146,22.2225,0.0756
20.9,29.6706,22.8856,0.0,20.8135,22.2372,0.0739
21.0,29.8706,22.8856,0.0,21.0125,22.2516,0.0723
21.1,30.0706,22.8856,0.0,21.2115,22.2657,0.0707
21.2,30.2706,22.8856,0.0,21.4105,22.2795,0.0691
21.3,30.4706,22.8856,0.0,21.6096,22.293,0.0675
21.4,30.6706,22.8856,0.0,21.8087,22.3061,0.066
21.5,30.8706,22.8856,0.0,22.0079,22.319,0.0646
21.6,31.0706,22.8856,0.0,22.2071,22.3316,0.0631
21.7,31.2706,22.8856,0.0,22.4063,22.3439,0.0617
21.8,31.4706,22.8856,0.0,22.6056,22.356,0.0604
21.9,31.6706,22.8856,0.0,22.8049,22.3677,0.059
22.0,31.8706,22.8856,0.0,23.0042,22.3792,0.0577
22.1,32.0706,22.8856,0.0,23.2035,22.3905,0.0564
22.2,32.2706,22.8856,0.0,23.4029,22.4015,0.0552
22.3,32.4706,22.8856,0.0,23.6023,22.4123,0.0539
22.4,32.6706,22.8856,0.0,23.8018,22.4228,0.0527
22.5,32.8706,22.8856,0.0,24.0012,22.4331,0.0516
22.6,33.0706,22.8856,0.0,24.2007,22.4432,0.0504
22.7,33.2706,22.8856,0.0,24.4002,22.453,0.0493
22.8,33.4706,22.8856,0.0,24.5998,22.4626,0.0482
22.9,33.6706,22.8856,0.0,24.7993,22.472,0.0471
23.0,33.8706,22.8856,0.0,24.9989,22.4812,0.0461
23.1,34.0706,22.8856,0.0,25.1985,22.4902,0.045
23.2,34.2706,22.8856,0.0,25.3981,22.499,0.044
23.3,34.4706,22.8856,0.0,25.5977,22.5076,0.0431
23.4,34.6706,22.8856,0.0,25.7974,22.516,0.0421
23.5,34.8706,22.8856,0.0,25.997,22.5243,0.0412
23.6,35.0706,22.8856,0.0,26.1967,22.5323,0.0402
23.7,35.2706,22.8856,0.0,26.3964,22.5402,0.0394
23.8,35.4706,22.8856,0.0,26.5961,22.5478,0.0385
23.9,35.6706,22.8856,0.0,26.7958,22.5554,0.0376
24.0,35.8706,22.8856,0.0,26.9955,22.5627,0.0368
24.1,36.0706,22.8856,0.0,27.1953,22.5699,0.036
24.2,36.2706,22.8856,0.0,27.395,22.5769,0.0352
24.3,36.4706,22.8856,0.0,27.5948,22.5838,0.0344
24.4,36.6706,22.8856,0.0,27.7945,22.5905,0.0336
24.5,36.8706,22.8856,0.0,27.9943,22.5971,0.0329
24.6,37.0706,22.8856,0.0,28.1941,22.6035,0.0321
24.7,37.2706,22.8856,0.0,28.3939,22.6098,0.0314
24.8,37.4706,22.8856,0.0,28.5937,22.6159,0.0307
24.9,37.6706,22.8856,0.0,28.7935,22.6219,0.03
25.0,37.8706,22.8856,0.0,28.9934,22.6278,0.0294
25.1,38.0706,22.8856,0.0,29.1932,22.6335,0.0287
25.2,38.2706,22.8856,0.0,29.393,22.6391,0.0281
25.3,38.4706,22.8856,0.0,29.5929,22.6446,0.0274
25.4,38.6706,22.8856,0.0,29.7927,22.65,0.0268
25.5,38.8706,22.8856,0.0,29.9926,22.6552,0.0262
25.6,39.0706,22.8856,0.0,30.1925,22.6604,0.0257
25.7,39.2706,22.8856,0.0,30.3923,22.6654,0.0251
25.8,39.4706,22.8856,0.0,30.5922,22.6703,0.0245
25.9,39.6706,22.8856,0.0,30.7921,22.6751,0.024
26.0,39.8706,22.8856,0.0,30.992,22.6798,0.0234
26.1,40.0706,22.8856,0.0,31.1919,22.6843,0.0229
26.2,40.2706,22.8856,0.0,31.3918,22.6888,0.0224
26.3,40.4706,22.8856,0.0,31.5917,22.6932,0.0219
26.4,40.6706,22.8856,0.0,31.7916,22.6975,0.0214
26.5,40.8706,22.8856,0.0,31.9915,22.7017,0.0209
26.6,41.0706,22.8856,0.0,32.1914,22.7058,0.0205
26.7,41.2706,22.8856,0.0,32.3913,22.7098,0.02
26.8,41.4706,22.8856,0.0,32.5913,22.7137,0.0196
26.9,41.6706,22.8856,0.0,32.7912,22.7175,0.0191
27.0,41.8706,22.8856,0.0,32.9911,22.7213,0.0187
27.1,42.0706,22.8856,0.0,33.191,22.7249,0.0183
27.2,42.2706,22.8856,0.0,33.391,22.7285,0.0179
27.3,42.4706,22.8856,0.0,33.5909,22.732,0.0175
27.4,42.6706,22.8856,0.0,33.7909,22.7354,0.0171
27.5,42.8706,22.8856,0.0,33.9908,22.7388,0.0167
27.6,43.0706,22.8856,0.0,34.1907,22.742,0.0164
27.7,43.2706,22.8856,0.0,34.3907,22.7452,0.016
27.8,43.4706,22.8856,0.0,34.5906,22.7484,0.0156
27.9,43.6706,22.8856,0.0,34.7906,22.7514,0.0153
28.0,43.8706,22.8856,0.0,34.9906,22.7544,0.0149
28.1,44.0706,22.8856,0.0,35.1905,22.7573,0.0146
28.2,44.2706,22.8856,0.0,35.3905,22.7602,0.0143
28.3,44.4706,22.8856,0.0,35.5904,22.763,0.014
28.4,44.6706,22.8856,0.0,35.7904,22.7657,0.0137
28.5,44.8706,22.8856,0.0,35.9904,22.7684,0.0134
28.6,45.0706,22.8856,0.0,36.1903,22.771,0.0131
28.7,45.2706,22.8856,0.0,36.3903,22.7735,0.0128
28.8,45.4706,22.8856,0.0,36.5903,22.776,0.0125
28.9,45.6706,22.8856,0.0,36.7902,22.7785,0.0122
29.0,45.8706,22.8856,0.0,36.9902,22.7809,0.0119
29.1,46.0706,22.8856,0.0,37.1902,22.7832,0.0117
29.2,46.2706,22.8856,0.0,37.3901,22.7855,0.0114
29.3,46.4706,22.8856,0.0,37.5901,22.7877,0.0112
29.4,46.6706,22.8856,0.0,37.7901,22.7899,0.0109
29.5,46.8706,22.8856,0.0,37.9901,22.792,0.0107
29.6,47.0706,22.8856,0.0,38.1901,22.7941,0.0104
29.7,47.2706,22.8856,0.0,38.39,22.7961,0.0102
29.8,47.4706,22.8856,0.0,38.59,22.7981,0.01
29.9,47.6706,22.8856,0.0,38.79,22.8001,0.0097
30.0,47.8706,22.8856,0.0,38.99,22.802,0.0095
30.1,48.0706,22.8856,0.0,39.19,22.8038,0.0093
30.2,48.2706,22.8856,0.0,39.3899,22.8057,0.0091
30.3,48.4706,22.8856,0.0,39.5899,22.8074,0.0089
30.4,48.6706,22.8856,0.0,39.7899,22.8092,0.0087
30.5,48.8706,22.8856,0.0,39.9899,22.8109,0.0085
30.6,49.0706,22.8856,0.0,40.1899,22.8125,0.0083
30.7,49.2706,22.8856,0.0,40.3899,22.8142,0.0081
30.8,49.4706,22.8856,0.0,40.5899,22.8158,0.008
30.9,49.6706,22.8856,0.0,40.7898,22.8173,0.0078
31.0,49.8706,22.8856,0.0,40.9898,22.8188,0.0076
31.1,50.0706,22.8856,0.0,41.1898,22.8203,0.0074
31.2,50.2706,22.8856,0.0,41.3898,22.8218,0.0073
31.3,50.4706,22.8856,0.0,41.5898,22.8232,0.0071
31.4,50.6706,22.8856,0.0,41.7898,22.8246,0.0069
31.5,50.8706,22.8856,0.0,41.9898,22.826,0.0068
31.6,51.0706,22.8856,0.0,42.1898,22.8273,0.0066
31.7,51.2706,22.8856,0.0,42.3898,22.8286,0.0065
31.8,51.4706,22.8856,0.0,42.5898,22.8298,0.0063
31.9,51.6706,22.8856,0.0,42.7897,22.8311,0.0062
32.0,51.8706,22.8856,0.0,42.9897,22.8323,0.0061
32.1,52.0706,22.8856,0.0,43.1897,22.8335,0.0059
32.2,52.2706,22.8856,0.0,43.3897,22.8347,0.0058
32.3,52.4706,22.8856,0.0,43.5897,22.8358,0.0057
32.4,52.6706,22.8856,0.0,43.7897,22.8369,0.0055
32.5,52.8706,22.8856,0.0,43.9897,22.838,0.0054
32.6,53.0706,22.8856,0.0,44.1897,22.839,0.0053
32.7,53.2706,22.8856,0.0,44.3897,22.8401,0.0052
32.8,53.4706,22.8856,0.0,44.5897,22.8411,0.0051
32.9,53.6706,22.8856,0.0,44.7897,22.8421,0.005
33.0,53.8706,22.8856,0.0,44.9897,22.8431,0.0048
33.1,54.0706,22.8856,0.0,45.1897,22.844,0.0047
33.2,54.2706,22.8856,0.0,45.3897,22.8449,0.0046
33.3,54.4706,22.8856,0.0,45.5897,22.8458,0.0045
33.4,54.6706,22.8856,0.0,45.7897,22.8467,0.0044
33.5,54.8706,22.8856,0.0,45.9897,22.8476,0.0043
33.6,55.0706,22.8856,0.0,46.1897,22.8484,0.0042
33.7,55.2706,22.8856,0.0,46.3896,22.8493,0.0041
33.8,55.4706,22.8856,0.0,46.5896,22.8501,0.004
33.9,55.6706,22.8856,0.0,46.7896,22.8509,0.004
34.0,55.8706,22.8856,0.0,46.9896,22.8516,0.0039
34.1,56.0706,22.8856,0.0,47.1896,22.8524,0.0038
34.2,56.2706,22.8856,0.0,47.3896,22.8531,0.0037
34.3,56.4706,22.8856,0.0,47.5896,22.8539,0.0036
34.4,56.6706,22.8856,0.0,47.7896,22.8546,0.0035
34.5,56.8706,22.8856,0.0,47.9896,22.8553,0.0035
34.6,57.0706,22.8856,0.0,48.1896,22.8559,0.0034
34.7,57.2706,22.8856,0.0,48.3896,22.8566,0.0033
34.8,57.4706,22.8856,0.0,48.5896,22.8572,0.0032
34.9,57.6706,22.8856,0.0,48.7896,22.8579,0.0032
35.0,57.8706,22.8856,0.0,48.9896,22.8585,0.0031
35.1,58.0706,22.8856,0.0,49.1896,22.8591,0.003
35.2,58.2706,22.8856,0.0,49.3896,22.8597,0.003
35.3,58.4706,22.8856,0.0,49.5896,22.8603,0.0029
35.4,58.6706,22.8856,0.0,49.7896,22.8608,0.0028
35.5,58.8706,22.8856,0.0,49.9896,22.8614,0.0028
35.6,59.0706,22.8856,0.0,50.1896,22.8619,0.0027
35.7,59.2706,22.8856,0.0,50.3896,22.8624,0.0026
35.8,59.4706,22.8856,0.0,50.5896,22.863,0.0026
35.9,59.6706,22.8856,0.0,50.7896,22.8635,0.0025
36.0,59.8706,22.8856,0.0,50.9896,22.864,0.0025
36.1,60.0706,22.8856,0.0,51.1896,22.8644,0.0024
36.2,60.2706,22.8856,0.0,51.3896,22.8649,0.0024
36.3,60.4706,22.8856,0.0,51.5896,22.8654,0.0023
36.4,60.6706,22.8856,0.0,51.7896,22.8658,0.0023
36.5,60.8706,22.8856,0.0,51.9896,22.8663,0.0022
36.6,61.0706,22.8856,0.0,52.1896,22.8667,0.0022
36.7,61.2706,22.8856,0.0,52.3896,22.8671,0.0021
36.8,61.4706,22.8856,0.0,52.5896,22.8675,0.0021
36.9,61.6706,22.8856,0.0,52.7896,22.8679,0.002
37.0,61.8706,22.8856,0.0,52.9896,22.8683,0.002
37.1,62.0706,22.8856,0.0,53.1896,22.8687,0.0019
37.2,62.2706,22.8856,0.0,53.3896,22.8691,0.0019
37.3,62.4706,22.8856,0.0,53.5896,22.8694,0.0018
37.4,62.6706,22.8856,0.0,53.7896,22.8698,0.0018
37.5,62.8706,22.8856,0.0,53.9896,22.8702,0.0018
37.6,63.0706,22.8856,0.0,54.1896,22.8705,0.0017
37.7,63.2706,22.8856,0.0,54.3896,22.8708,0.0017
37.8,63.4706,22.8856,0.0,54.5896,22.8712,0.0016
37.9,63.6706,22.8856,0.0,54.7896,22.8715,0.0016
38.0,63.8706,22.8856,0.0,54.9896,22.8718,0.0016
38.1,64.0706,22.8856,0.0,55.1896,22.8721,0.0015
38.2,64.2706,22.8856,0.0,55.3896,22.8724,0.0015
38.3,64.4706,22.8856,0.0,55.5896,22.8727,0.0015
38.4,64.6706,22.8856,0.0,55.7896,22.873,0.0014
38.5,64.8706,22.8856,0.0,55.9896,22.8733,0.0014
38.6,65.0706,22.8856,0.0,56.1896,22.8735,0.0014
38.7,65.2706,22.8856,0.0,56.3896,22.8738,0.0013
38.8,65.4706,22.8856,0.0,56.5896,22.8741,0.0013
38.9,65.6706,22.8856,0.0,56.7896,22.8743,0.0013
39.0,65.8706,22.8856,0.0,56.9896,22.8746,0.0013
39.1,66.0706,22.8856,0.0,57.1896,22.8748,0.0012
39.2,66.2706,22.8856,0.0,57.3896,22.8751,0.0012
39.3,66.4706,22.8856,0.0,57.5896,22.8753,0.0012
39.4,66.6706,22.8856,0.0,57.7896,22.8755,0.0011
39.5,66.8706,22.8856,0.0,57.9896,22.8758,0.0011
39.6,67.0706,22.8856,0.0,58.1896,22.876,0.0011
39.7,67.2706,22.8856,0.0,58.3896,22.8762,0.0011
39.8,67.4706,22.8856,0.0,58.5896,22.8764,0.001
39.9,67.6706,22.8856,0.0,58.7896,22.8766,0.001
40.0,67.8706,22.8856,0.0,58.9896,22.8768,0.001
40.1,68.0706,22.8856,0.0,59.1896,22.877,0.001
40.2,68.2706,22.8856,0.0,59.3896,22.8772,0.001
40.3,68.4706,22.8856,0.0,59.5896,22.8774,0.0009
40.4,68.6706,22.8856,0.0,59.7896,22.8776,0.0009
40.5,68.8706,22.8856,0.0,59.9896,22.8777,0.0009
40.6,69.0706,22.8856,0.0,60.1896,22.8779,0.0009
40.7,69.2706,22.8856,0.0,60.3896,22.8781,0.0009
40.8,69.4706,22.8856,0.0,60.5896,22.8783,0.0008
40.9,69.6706,22.8856,0.0,60.7896,22.8784,0.0008
41.0,69.8706,22.8856,0.0,60.9896,22.8786,0.0008
41.1,70.0706,22.8856,0.0,61.1896,22.8787,0.0008
41.2,70.2706,22.8856,0.0,61.3896,22.8789,0.0008
41.3,70.4706,22.8856,0.0,61.5896,22.879,0.0007
41.4,70.6706,22.8856,0.0,61.7896,22.8792,0.0007
41.5,70.8706,22.8856,0.0,61.9896,22.8793,0.0007
41.6,71.0706,22.8856,0.0,62.1896,22.8795,0.0007
41.7,71.2706,22.8856,0.0,62.3896,22.8796,0.0007
41.8,71.4706,22.8856,0.0,62.5896,22.8797,0.0007
41.9,71.6706,22.8856,0.0,62.7896,22.8799,0.0007
42.0,71.8706,22.8856,0.0,62.9896,22.88,0.0006
42.1,72.0706,22.8856,0.0,63.1896,22.8801,0.0006
42.2,72.2706,22.8856,0.0,63.3896,22.8802,0.0006
42.3,72.4706,22.8856,0.0,63.5896,22.8804,0.0006
42.4,72.6706,22.8856,0.0,63.7896,22.8805,0.0006
42.5,72.8706,22.8856,0.0,63.9896,22.8806,0.0006
42.6,73.0706,22.8856,0.0,64.1896,22.8807,0.0006
42.7,73.2706,22.8856,0.0,64.3896,22.8808,0.0005
42.8,73.4706,22.8856,0.0,64.5896,22.8809,0.0005
42.9,73.6706,22.8856,0.0,64.7896,22.881,0.0005
43.0,73.8706,22.8856,0.0,64.9896,22.8811,0.0005
43.1,74.0706,22.8856,0.0,65.1896,22.8812,0.0005
43.2,74.2706,22.8856,0.0,65.3896,22.8813,0.0005
43.3,74.4706,22.8856,0.0,65.5896,22.8814,0.0005
43.4,74.6706,22.8856,0.0,65.7896,22.8815,0.0005
43.5,74.8706,22.8856,0.0,65.9896,22.8816,0.0005
43.6,75.0706,22.8856,0.0,66.1896,22.8817,0.0004
43.7,75.2706,22.8856,0.0,66.3896,22.8818,0.0004
43.8,75.4706,22.8856,0.0,66.5896,22.8819,0.0004
43.9,75.6706,22.8856,0.0,66.7896,22.882,0.0004
44.0,75.8706,22.8856,0.0,66.9896,22.882,0.0004
44.1,76.0706,22.8856,0.0,67.1896,22.8821,0.0004
44.2,76.2706,22.8856,0.0,67.3896,22.8822,0.0004
44.3,76.4706,22.8856,0.0,67.5896,22.8823,0.0004
44.4,76.6706,22.8856,0.0,67.7896,22.8823,0.0004
44.5,76.8706,22.8856,0.0,67.9896,22.8824,0.0004
44.6,77.0706,22.8856,0.0,68.1896,22.8825,0.0004
44.7,77.2706,22.8856,0.0,68.3896,22.8826,0.0003
44.8,77.4706,22.8856,0.0,68.5896,22.8826,0.0003
44.9,77.6706,22.8856,0.0,68.7896,22.8827,0.0003
45.0,77.8706,22.8856,0.0,68.9896,22.8828,0.0003
45.1,78.0706,22.8856,0.0,69.1896,22.8828,0.0003
45.2,78.2706,22.8856,0.0,69.3896,22.8829,0.0003
45.3,78.4706,22.8856,0.0,69.5896,22.8829,0.0003
45.4,78.6706,22.8856,0.0,69.7896,22.883,0.0003
45.5,78.8706,22.8856,0.0,69.9896,22.8831,0.0003
45.6,79.0706,22.8856,0.0,70.1896,22.8831,0.0003
45.7,79.2706,22.8856,0.0,70.3896,22.8832,0.0003
45.8,79.4706,22.8856,0.0,70.5896,22.8832,0.0003
45.9,79.6706,22.8856,0.0,70.7896,22.8833,0.0003
46.0,79.8706,22.8856,0.0,70.9896,22.8833,0.0003
46.1,80.0706,22.8856,0.0,71.1896,22.8834,0.0003
46.2,80.2706,22.8856,0.0,71.3896,22.8834,0.0002
46.3,80.4706,22.8856,0.0,71.5896,22.8835,0.0002
46.4,80.6706,22.8856,0.0,71.7896,22.8835,0.0002
46.5,80.8706,22.8856,0.0,71.9896,22.8836,0.0002
46.6,81.0706,22.8856,0.0,72.1896,22.8836,0.0002
46.7,81.2706,22.8856,0.0,72.3896,22.8837,0.0002
46.8,81.4706,22.8856,0.0,72.5896,22.8837,0.0002
46.9,81.6706,22.8856,0.0,72.7896,22.8837,0.0002
47.0,81.8706,22.8856,0.0,72.9896,22.8838,0.0002
47.1,82.0706,22.8856,0.0,73.1896,22.8838,0.0002
47.2,82.2706,22.8856,0.0,73.3896,22.8839,0.0002
47.3,82.4706,22.8856,0.0,73.5896,22.8839,0.0002
47.4,82.6706,22.8856,0.0,73.7896,22.8839,0.0002
47.5,82.8706,22.8856,0.0,73.9896,22.884,0.0002
47.6,83.0706,22.8856,0.0,74.1896,22.884,0.0002
47.7,83.2706,22.8856,0.0,74.3896,22.8841,0.0002
47.8,83.4706,22.8856,0.0,74.5896,22.8841,0.0002
47.9,83.6706,22.8856,0.0,74.7896,22.8841,0.0002
48.0,83.8706,22.8856,0.0,74.9896,22.8842,0.0002
48.1,84.0706,22.8856,0.0,75.1896,22.8842,0.0002
48.2,84.2706,22.8856,0.0,75.3896,22.8842,0.0002
48.3,84.4706,22.8856,0.0,75.5896,22.8842,0.0002
48.4,84.6706,22.8856,0.0,75.7896,22.8843,0.0002
48.5,84.8706,22.8856,0.0,75.9896,22.8843,0.0001
48.6,85.0706,22.8856,0.0,76.1896,22.8843,0.0001
48.7,85.2706,22.8856,0.0,76.3896,22.8844,0.0001
48.8,85.4706,22.8856,0.0,76.5896,22.8844,0.0001
48.9,85.6706,22.8856,0.0,76.7896,22.8844,0.0001
49.0,85.8706,22.8856,0.0,76.9896,22.8844,0.0001
49.1,86.0706,22.8856,0.0,77.1896,22.8845,0.0001
49.2,86.2706,22.8856,0.0,77.3896,22.8845,0.0001
49.3,86.4706,22.8856,0.0,77.5896,22.8845,0.0001
49.4,86.6706,22.8856,0.0,77.7896,22.8845,0.0001
49.5,86.8706,22.8856,0.0,77.9896,22.8846,0.0001
49.6,87.0706,22.8856,0.0,78.1896,22.8846,0.0001
49.7,87.2706,22.8856,0.0,78.3896,22.8846,0.0001
49.8,87.4706,22.8856,0.0,78.5896,22.8846,0.0001
49.9,87.6706,22.8856,0.0,78.7896,22.8847,0.0001
