t_s,ref_x,ref_y,ref_theta,ref_hitch,kin_x,kin_y,kin_theta,kin_hitch,dyn_x,dyn_y,dyn_theta,dyn_hitch,dyn_delta,dyn_v_ms,mlg_kin_x,mlg_kin_y,mlg_dyn_x,mlg_dyn_y,gap_m,kin_err_m,dyn_err_m,hitch_gap_deg
0.0,-609.9134,-649.95,0.5236,0.0,-609.9134,-649.95,0.5236,0.0,-609.9134,-649.95,0.5236,0.0,0.0,0.0,-617.6046,-654.3905,-617.6046,-654.3905,0.0,0.0,0.0,0.0
0.5,-610.0128,-650.0074,0.5236,0.0,-610.0961,-650.0555,0.5236,-0.0,-610.0191,-650.011,0.5236,-0.0,-0.0,-0.4734,-617.7873,-654.496,-617.7102,-654.4515,0.089,0.0962,0.0073,0.0
1.0,-610.3108,-650.1794,0.5236,0.0,-610.4629,-650.2672,0.5236,-0.0,-610.3234,-650.1867,0.5236,-0.0,-0.0,-0.9323,-618.154,-654.7077,-618.0146,-654.6272,0.161,0.1756,0.0145,0.0001
1.5,-610.8076,-650.4663,0.5236,0.0,-611.0076,-650.5817,0.5236,-0.0,-610.8265,-650.4772,0.5236,-0.0,-0.0,-1.3912,-618.6988,-655.0222,-618.5177,-654.9177,0.2091,0.231,0.0218,0.0001
2.0,-611.5025,-650.8675,0.5236,0.0,-611.6933,-650.9777,0.5236,-0.0,-611.4928,-650.8619,0.5236,-0.0,-0.0,-1.6863,-619.3845,-655.4181,-619.184,-655.3024,0.2316,0.2204,0.0112,0.0002
2.5,-612.2819,-651.3175,0.5236,0.0,-612.4303,-651.4032,0.5236,-0.0,-612.2467,-651.2971,0.5236,-0.0,-0.0,-1.7959,-620.1215,-655.8436,-619.9379,-655.7376,0.212,0.1714,0.0406,0.0001
3.0,-613.0613,-651.7675,0.5236,0.0,-613.1846,-651.8387,0.5236,-0.0,-613.0252,-651.7466,0.5236,-0.0,-0.0,-1.8,-620.8758,-656.2791,-620.7164,-656.1871,0.184,0.1424,0.0417,0.0001
3.5,-613.8407,-652.2175,0.5236,0.0,-613.9459,-652.2782,0.5236,-0.0,-613.8047,-652.1966,0.5236,-0.0,-0.0,-1.8,-621.6371,-656.7187,-621.4958,-656.6371,0.1631,0.1215,0.0417,0.0001
4.0,-614.6202,-652.6675,0.5236,0.0,-614.7111,-652.72,0.5236,-0.0,-614.5841,-652.6466,0.5236,-0.0,-0.0,-1.8,-622.4023,-657.1605,-622.2753,-657.0871,0.1467,0.1051,0.0417,0.0001
4.5,-615.3996,-653.1175,0.5236,0.0,-615.4791,-653.1634,0.5236,-0.0,-615.3635,-653.0966,0.5236,-0.0,-0.0,-1.8,-623.1703,-657.6038,-623.0547,-657.5371,0.1335,0.0918,0.0417,0.0
5.0,-616.179,-653.5675,0.5236,0.0,-616.2492,-653.608,0.5236,-0.0,-616.1429,-653.5467,0.5236,-0.0,-0.0,-1.8,-623.9404,-658.0485,-623.8341,-657.9871,0.1227,0.081,0.0417,0.0
5.5,-616.9584,-654.0175,0.5236,0.0,-617.021,-654.0536,0.5236,-0.0,-616.9223,-653.9967,0.5236,-0.0,-0.0,-1.8,-624.7122,-658.494,-624.6135,-658.4371,0.1139,0.0722,0.0417,0.0
6.0,-617.7379,-654.4675,0.5236,0.0,-617.7942,-654.5,0.5236,-0.0,-617.7017,-654.4467,0.5236,-0.0,-0.0,-1.8,-625.4854,-658.9405,-625.393,-658.8871,0.1067,0.0651,0.0417,0.0
6.5,-618.5173,-654.9175,0.5236,0.0,-618.5685,-654.9471,0.5236,-0.0,-618.4812,-654.8967,0.5236,-0.0,-0.0,-1.8,-626.2598,-659.3875,-626.1724,-659.3371,0.1009,0.0592,0.0417,0.0001
7.0,-619.2967,-655.3675,0.5236,0.0,-619.3438,-655.3948,0.5236,-0.0,-619.2606,-655.3467,0.5236,-0.0,-0.0,-1.8,-627.0351,-659.8351,-626.9518,-659.7871,0.0961,0.0545,0.0417,0.0001
7.5,-620.0761,-655.8175,0.5236,0.0,-620.1199,-655.8429,0.5236,-0.0,-620.04,-655.7967,0.5236,-0.0,-0.0,-1.8,-627.8112,-660.2832,-627.7313,-660.2371,0.0923,0.0507,0.0417,0.0001
8.0,-620.8555,-656.2675,0.5236,0.0,-620.8967,-656.2914,0.5236,-0.0,-620.8194,-656.2467,0.5236,-0.0,-0.0,-1.8,-628.588,-660.7317,-628.5107,-660.6871,0.0893,0.0476,0.0417,0.0001
8.5,-621.635,-656.7175,0.5236,0.0,-621.6741,-656.7402,0.5236,-0.0,-621.5988,-656.6967,0.5236,-0.0,-0.0,-1.8,-629.3654,-661.1805,-629.2901,-661.137,0.0869,0.0453,0.0417,0.0001
9.0,-622.4144,-657.1675,0.5236,0.0,-622.4519,-657.1893,0.5236,-0.0001,-622.3782,-657.1467,0.5236,-0.0001,-0.0,-1.8,-630.1433,-661.6295,-630.0696,-661.587,0.0851,0.0435,0.0417,0.0001
9.5,-623.1938,-657.6175,0.5236,0.0,-623.2301,-657.6386,0.5236,-0.0001,-623.1577,-657.5968,0.5236,-0.0001,-0.0,-1.8,-630.9215,-662.0788,-630.849,-662.037,0.0837,0.042,0.0417,0.0002
10.0,-623.9732,-658.0675,0.5236,0.0,-624.0086,-658.0881,0.5236,-0.0001,-623.9371,-658.0468,0.5236,-0.0001,-0.0,-1.8,-631.7,-662.5283,-631.6284,-662.487,0.0826,0.041,0.0417,0.0002
10.5,-624.7527,-658.5175,0.5236,0.0,-624.7874,-658.5377,0.5236,-0.0001,-624.7165,-658.4968,0.5236,-0.0001,-0.0,-1.8,-632.4788,-662.9778,-632.4079,-662.9369,0.0819,0.0402,0.0417,0.0002
11.0,-625.5321,-658.9675,0.5236,0.0,-625.5663,-658.9875,0.5236,-0.0001,-625.4959,-658.9468,0.5236,-0.0001,-0.0,-1.8,-633.2578,-663.4275,-633.1873,-663.3869,0.0813,0.0397,0.0417,0.0002
11.5,-626.3115,-659.4175,0.5236,0.0,-626.3454,-659.4373,0.5236,-0.0001,-626.2753,-659.3968,0.5236,-0.0001,-0.0,-1.8,-634.0369,-663.8773,-633.9668,-663.8368,0.081,0.0393,0.0417,0.0002
12.0,-627.0909,-659.8675,0.5236,0.0,-627.1246,-659.8872,0.5236,-0.0001,-627.0547,-659.8468,0.5236,-0.0001,0.0,-1.8,-634.8162,-664.3271,-634.7462,-664.2868,0.0807,0.0391,0.0417,0.0002
12.5,-627.8703,-660.3175,0.5236,0.0,-627.9039,-660.3371,0.5236,-0.0001,-627.8341,-660.2969,0.5236,-0.0001,0.0,-1.8,-635.5955,-664.777,-635.5257,-664.7367,0.0806,0.0389,0.0417,0.0002
13.0,-628.6498,-660.7675,0.5236,0.0,-628.6832,-660.7871,0.5236,-0.0001,-628.6136,-660.7469,0.5236,-0.0001,0.0,-1.8,-636.3749,-665.2268,-636.3052,-665.1866,0.0805,0.0388,0.0417,0.0002
13.5,-629.4292,-661.2175,0.5236,0.0,-629.4626,-661.2371,0.5236,-0.0001,-629.393,-661.1969,0.5236,-0.0001,0.0,-1.8,-637.1542,-665.6767,-637.0846,-665.6366,0.0804,0.0387,0.0417,0.0002
14.0,-630.2086,-661.6675,0.5236,0.0,-630.2419,-661.687,0.5236,-0.0001,-630.1724,-661.6469,0.5236,-0.0001,0.0,-1.8,-637.9337,-666.1266,-637.8641,-666.0865,0.0803,0.0386,0.0417,0.0001
14.5,-630.988,-662.1175,0.5236,0.0,-631.0213,-662.137,0.5236,-0.0001,-630.9518,-662.0969,0.5236,-0.0001,0.0,-1.8,-638.7131,-666.5764,-638.6436,-666.5364,0.0802,0.0386,0.0417,0.0001
15.0,-631.7675,-662.5675,0.5236,0.0,-631.8007,-662.587,0.5236,-0.0001,-631.7312,-662.5469,0.5236,-0.0001,0.0,-1.8,-639.4925,-667.0263,-639.4231,-666.9862,0.0802,0.0385,0.0417,0.0
15.5,-632.5469,-663.0175,0.5236,0.0,-632.58,-663.0369,0.5236,-0.0001,-632.5107,-662.9969,0.5236,-0.0002,0.0,-1.8,-640.272,-667.4761,-640.2026,-667.4361,0.0801,0.0385,0.0417,0.0002
16.0,-633.3263,-663.4675,0.5236,0.0,-633.3594,-663.4869,0.5236,-0.0001,-633.2901,-663.4469,0.5236,-0.0001,0.0,-1.8,-641.0514,-667.926,-640.9821,-667.886,0.0801,0.0384,0.0417,0.0004
16.5,-634.1057,-663.9175,0.5236,0.0,-634.1388,-663.9368,0.5235,-0.0001,-634.0695,-663.8968,0.5235,-0.0001,0.0001,-1.8,-641.8309,-668.3758,-641.7616,-668.3358,0.08,0.0384,0.0417,0.0007
17.0,-634.8852,-664.3675,0.5236,0.0,-634.9183,-664.3867,0.5235,-0.0001,-634.849,-664.3468,0.5235,-0.0001,0.0001,-1.8,-642.6104,-668.8256,-642.5411,-668.7857,0.08,0.0383,0.0417,0.0011
17.5,-635.6646,-664.8175,0.5236,0.0,-635.6977,-664.8366,0.5234,-0.0,-635.6285,-664.7967,0.5235,-0.0001,0.0001,-1.8,-643.3899,-669.2754,-643.3206,-669.2355,0.0799,0.0383,0.0417,0.0018
18.0,-636.444,-665.2675,0.5236,0.0,-636.4772,-665.2864,0.5233,0.0,-636.408,-665.2466,0.5234,-0.0,0.0002,-1.8,-644.1694,-669.7252,-644.1001,-669.6853,0.0799,0.0382,0.0417,0.0027
18.5,-637.2234,-665.7175,0.5236,0.0,-637.2567,-665.7361,0.5232,0.0002,-637.1875,-665.6964,0.5233,0.0001,0.0002,-1.8,-644.9488,-670.175,-644.8797,-670.1352,0.0799,0.0382,0.0417,0.0042
19.0,-638.0028,-666.1675,0.5236,0.0,-638.0363,-666.1858,0.5231,0.0004,-637.9671,-666.1461,0.5232,0.0002,0.0003,-1.8,-645.7283,-670.6249,-645.6592,-670.585,0.0798,0.0382,0.0417,0.0063
19.5,-638.7823,-666.6175,0.5236,0.0,-638.816,-666.6352,0.5228,0.0006,-638.7468,-666.5956,0.523,0.0005,0.0005,-1.8,-646.5078,-671.0747,-646.4387,-671.0348,0.0798,0.0382,0.0417,0.0094
20.0,-639.5617,-667.0675,0.5236,0.0,-639.5958,-667.0845,0.5225,0.0011,-639.5265,-667.045,0.5227,0.0008,0.0007,-1.8,-647.2872,-671.5246,-647.2182,-671.4847,0.0797,0.0382,0.0417,0.0137
20.5,-640.3411,-667.5175,0.5236,0.0,-640.3758,-667.5334,0.522,0.0017,-640.3065,-667.4942,0.5223,0.0014,0.001,-1.8,-648.0666,-671.9746,-647.9976,-671.9347,0.0797,0.0382,0.0418,0.0189
21.0,-641.1205,-667.9675,0.5236,0.0,-641.1561,-667.9819,0.5214,0.0025,-641.0866,-667.9429,0.5217,0.0021,0.0014,-1.8,-648.8459,-672.4248,-648.777,-672.3848,0.0797,0.0384,0.0419,0.0244
21.5,-641.9,-668.4175,0.5236,0.0,-641.9366,-668.4299,0.5206,0.0037,-641.867,-668.3911,0.5209,0.0031,0.0018,-1.8,-649.6251,-672.8751,-649.5562,-672.835,0.0796,0.0387,0.0421,0.0296
22.0,-642.6794,-668.8675,0.5236,0.0,-642.7176,-668.8771,0.5196,0.0051,-642.6479,-668.8387,0.52,0.0045,0.0023,-1.8,-650.404,-673.3258,-650.3354,-673.2856,0.0796,0.0394,0.0427,0.0346
22.5,-643.4588,-669.3175,0.5236,0.0,-643.4991,-669.3235,0.5184,0.0069,-643.4292,-669.2854,0.5188,0.0062,0.0026,-1.8,-651.1828,-673.7769,-651.1143,-673.7365,0.0796,0.0407,0.0436,0.0398
23.0,-644.2399,-669.7649,0.5215,0.0025,-644.2811,-669.7689,0.5171,0.0091,-644.211,-669.7312,0.5175,0.0083,0.0028,-1.8,-651.9612,-674.2285,-651.8928,-674.1878,0.0796,0.0414,0.0444,0.0458
23.5,-645.0226,-670.2097,0.517,0.0076,-645.0637,-670.2133,0.5158,0.0115,-644.9935,-670.1759,0.5162,0.0106,0.0027,-1.8,-652.7391,-674.6809,-652.671,-674.6399,0.0795,0.0412,0.0446,0.0512
24.0,-645.8054,-670.6545,0.5126,0.0128,-645.8468,-670.6568,0.5147,0.0139,-645.7765,-670.6196,0.515,0.013,0.0022,-1.8,-653.5165,-675.1342,-653.4487,-675.0928,0.0795,0.0414,0.0453,0.0529
24.5,-646.5899,-671.0971,0.5095,0.017,-646.6303,-671.0995,0.514,0.0161,-646.5599,-671.0626,0.5142,0.0152,0.0013,-1.8,-654.2933,-675.5886,-654.2257,-675.5467,0.0795,0.0405,0.0457,0.0478
25.0,-647.3771,-671.5361,0.5088,0.0198,-647.414,-671.5421,0.5141,0.0178,-647.3436,-671.5051,0.5139,0.0172,-0.0001,-1.8,-655.0692,-676.0442,-655.002,-676.0019,0.0795,0.0373,0.0456,0.0343
25.5,-648.1643,-671.9752,0.508,0.0225,-648.1974,-671.9849,0.5149,0.0188,-648.1273,-671.9477,0.5144,0.0185,-0.0019,-1.8,-655.8443,-676.5012,-655.7775,-676.4583,0.0794,0.0345,0.0461,0.013
26.0,-648.9512,-672.4147,0.5081,0.0246,-648.9803,-672.4289,0.5168,0.0188,-648.9105,-672.391,0.5158,0.019,-0.0041,-1.8,-656.6185,-676.9597,-656.5521,-676.9163,0.0793,0.0323,0.0471,0.015
26.5,-649.7373,-672.8557,0.5105,0.0246,-649.762,-672.8747,0.5199,0.0176,-649.6929,-672.8359,0.5184,0.0184,-0.0065,-1.8,-657.3919,-677.4196,-657.3258,-677.3757,0.0793,0.0312,0.0486,0.0481
27.0,-650.5233,-673.2968,0.5129,0.0247,-650.5421,-673.3235,0.5241,0.0149,-650.4739,-673.2832,0.5221,0.0164,-0.0091,-1.8,-658.1645,-677.8809,-658.0988,-677.8365,0.0792,0.0326,0.0513,0.0853
27.5,-651.3079,-673.7398,0.5163,0.0236,-651.3199,-673.7759,0.5296,0.0107,-651.2529,-673.7339,0.5271,0.0129,-0.0118,-1.8,-658.9364,-678.3433,-658.8709,-678.2987,0.0791,0.0381,0.0553,0.126
28.0,-652.0843,-674.1942,0.5257,0.0156,-652.095,-674.2331,0.5363,0.0047,-652.0294,-674.1889,0.5333,0.0077,-0.0143,-1.8,-659.7079,-678.8065,-659.6426,-678.7618,0.0791,0.0404,0.0551,0.1693
28.5,-652.8606,-674.6485,0.5351,0.0075,-652.8667,-674.6959,0.544,-0.003,-652.8027,-674.6493,0.5407,0.0007,-0.0165,-1.8,-660.4792,-679.27,-660.414,-679.2254,0.0792,0.0478,0.0579,0.2122
29.0,-653.6363,-675.1039,0.5446,-0.0007,-653.6345,-675.1649,0.5526,-0.0124,-653.5725,-675.1156,0.5489,-0.0081,-0.0182,-1.8,-661.2506,-679.7331,-661.1853,-679.6891,0.0793,0.0611,0.0649,0.2519
29.5,-654.3962,-675.5834,0.5568,-0.0148,-654.3982,-675.6406,0.5617,-0.0234,-654.3382,-675.5886,0.5579,-0.0184,-0.0193,-1.8,-662.0225,-680.195,-661.9571,-680.1519,0.0795,0.0573,0.0583,0.2867
30.0,-655.1561,-676.0629,0.5689,-0.0289,-655.1574,-676.1233,0.5709,-0.0358,-655.0995,-676.0686,0.5672,-0.0303,-0.0197,-1.8,-662.7953,-680.6548,-662.7296,-680.6131,0.0797,0.0604,0.0569,0.3146
30.5,-655.916,-676.5425,0.581,-0.043,-655.9122,-676.6128,0.5799,-0.0493,-655.8563,-676.5556,0.5764,-0.0435,-0.0192,-1.8,-663.5694,-681.1114,-663.5032,-681.0717,0.08,0.0705,0.0612,0.3347
31.0,-656.6617,-677.0484,0.5923,-0.0608,-656.6625,-677.1089,0.5884,-0.0637,-656.6086,-677.0495,0.5853,-0.0576,-0.0179,-1.8,-664.3452,-681.5637,-664.2785,-681.5264,0.0802,0.0606,0.0531,0.3471
31.5,-657.4063,-677.5563,0.6034,-0.0788,-657.4087,-677.6109,0.5959,-0.0785,-657.3567,-677.5498,0.5934,-0.0724,-0.0158,-1.8,-665.1231,-682.0104,-665.0559,-681.976,0.0802,0.0547,0.0499,0.3514
32.0,-658.1508,-678.0642,0.6146,-0.0969,-658.1513,-678.118,0.6022,-0.0936,-658.1011,-678.0557,0.6002,-0.0876,-0.013,-1.8,-665.9035,-682.4501,-665.8357,-682.4194,0.08,0.0537,0.0505,0.347
32.5,-658.8885,-678.586,0.6188,-0.1122,-658.8909,-678.6288,0.6067,-0.1086,-658.8423,-678.5661,0.6056,-0.1027,-0.0096,-1.8,-666.6868,-682.8816,-666.6184,-682.8551,0.0793,0.0429,0.0503,0.3345
33.0,-659.6247,-679.1108,0.6214,-0.1268,-659.6283,-679.1421,0.6095,-0.1232,-659.5812,-679.0799,0.6093,-0.1177,-0.0057,-1.8,-667.4732,-683.3034,-667.4046,-683.2818,0.078,0.0315,0.0533,0.3159
33.5,-660.3608,-679.6356,0.624,-0.1415,-660.3643,-679.6565,0.6104,-0.1374,-660.3188,-679.5957,0.611,-0.1322,-0.0016,-1.8,-668.263,-683.7144,-668.1944,-683.6983,0.076,0.0212,0.058,0.2941
34.0,-661.0968,-680.1579,0.6214,-0.1539,-661.0998,-680.1705,0.6093,-0.151,-661.0559,-680.1121,0.6108,-0.1462,0.0027,-1.8,-669.0564,-684.1133,-668.9883,-684.1034,0.0731,0.0129,0.0614,0.2714
34.5,-661.8326,-680.6791,0.6166,-0.1654,-661.8357,-680.6824,0.6063,-0.1639,-661.7937,-680.6275,0.6085,-0.1595,0.0069,-1.8,-669.8534,-684.4988,-669.7866,-684.4958,0.0691,0.0045,0.0647,0.2495
35.0,-662.5685,-681.2003,0.6119,-0.1768,-662.5728,-681.1909,0.6014,-0.1762,-662.5331,-681.1405,0.6042,-0.1722,0.0109,-1.8,-670.6543,-684.8699,-670.5895,-684.8744,0.0641,0.0104,0.0695,0.2291
35.5,-663.3084,-681.709,0.6033,-0.1864,-663.3119,-681.6944,0.5947,-0.1878,-663.2753,-681.6497,0.5981,-0.1841,0.0148,-1.8,-671.4589,-685.2255,-671.3972,-685.2381,0.0578,0.015,0.0679,0.2105
36.0,-664.051,-682.209,0.5923,-0.1948,-664.0538,-682.1917,0.5863,-0.1988,-664.021,-682.1536,0.5902,-0.1954,0.0185,-1.8,-672.2673,-685.5647,-672.2098,-685.5859,0.0503,0.0176,0.0631,0.1939
36.5,-664.7936,-682.7091,0.5812,-0.2031,-664.7992,-682.6814,0.5763,-0.2093,-664.7711,-682.6509,0.5805,-0.2061,0.022,-1.8,-673.0794,-685.8865,-673.0275,-685.9169,0.0415,0.0283,0.0624,0.1803
37.0,-665.5423,-683.195,0.5699,-0.2125,-665.5488,-683.1623,0.5647,-0.2191,-665.5263,-683.1403,0.5692,-0.2162,0.0254,-1.8,-673.8952,-686.1902,-673.8501,-686.2301,0.0314,0.0333,0.0569,0.17
37.5,-666.2972,-683.6656,0.5581,-0.2232,-666.3032,-683.6333,0.5516,-0.2283,-666.2875,-683.6206,0.5562,-0.2255,0.0289,-1.8,-674.7146,-686.4749,-674.6776,-686.5246,0.0202,0.0328,0.0461,0.1617
38.0,-667.0522,-684.1362,0.5464,-0.2338,-667.0629,-684.0931,0.5369,-0.2368,-667.0552,-684.0903,0.5416,-0.2341,0.0323,-1.8,-675.5374,-686.7401,-675.51,-686.7997,0.0082,0.0444,0.046,0.1529
38.5,-667.8139,-684.592,0.5318,-0.2425,-667.8287,-684.5405,0.5205,-0.2443,-667.8301,-684.5481,0.5254,-0.2418,0.0358,-1.8,-676.3636,-686.9851,-676.347,-687.0546,0.0077,0.0536,0.0468,0.1406
39.0,-668.5868,-685.0227,0.5124,-0.2481,-668.6012,-684.9741,0.5025,-0.2508,-668.6126,-684.9926,0.5075,-0.2486,0.0393,-1.8,-677.1931,-687.2093,-677.1885,-687.2886,0.0217,0.0507,0.0397,0.1235
39.5,-669.3597,-685.4534,0.4929,-0.2536,-669.3808,-685.3926,0.4828,-0.2561,-669.4034,-685.4223,0.4879,-0.2544,0.0427,-1.8,-678.0257,-687.4124,-678.0344,-687.5012,0.0373,0.0644,0.0537,0.1015
40.0,-670.1384,-685.869,0.4719,-0.2579,-670.168,-685.7946,0.4615,-0.2603,-670.2027,-685.8359,0.4667,-0.259,0.0459,-1.8,-678.8614,-687.594,-678.8842,-687.6919,0.0539,0.0801,0.0724,0.0751
40.5,-670.9335,-686.2418,0.4465,-0.2586,-670.9633,-686.1789,0.4387,-0.2633,-671.0109,-686.2318,0.4441,-0.2625,0.049,-1.8,-679.7001,-687.7538,-679.7379,-687.8602,0.0711,0.0696,0.0781,0.0459
41.0,-671.7286,-686.6146,0.4211,-0.2593,-671.767,-686.5443,0.4146,-0.2652,-671.8282,-686.6087,0.42,-0.2649,0.0519,-1.8,-680.5417,-687.8918,-680.5951,-688.0058,0.0889,0.0801,0.0997,0.0167
41.5,-672.5277,-686.9776,0.3957,-0.2601,-672.5793,-686.8895,0.3892,-0.2659,-672.6545,-686.9653,0.3945,-0.2661,0.0545,-1.8,-681.3861,-688.0076,-681.4555,-688.1287,0.1068,0.102,0.1275,0.0096
42.0,-673.349,-687.2851,0.3705,-0.2613,-673.4004,-687.2137,0.3628,-0.2656,-673.4899,-687.3002,0.3679,-0.2661,0.0569,-1.7999,-682.2334,-688.1014,-682.3187,-688.2285,0.1245,0.088,0.1417,0.0322
42.5,-674.1703,-687.5926,0.3453,-0.2625,-674.2302,-687.5157,0.3353,-0.2641,-674.334,-687.6123,0.3402,-0.2651,0.059,-1.7999,-683.0834,-688.1732,-683.1844,-688.3053,0.1417,0.0975,0.1649,0.0519
43.0,-674.9927,-687.8973,0.3198,-0.2634,-675.0689,-687.7947,0.3069,-0.2616,-675.1865,-687.9005,0.3116,-0.2628,0.0609,-1.8,-683.9362,-688.2229,-684.0523,-688.3591,0.1582,0.1278,0.1939,0.071
43.5,-675.843,-688.1316,0.2883,-0.2578,-675.9163,-688.0498,0.2778,-0.258,-676.0471,-688.1639,0.2822,-0.2596,0.0623,-1.8,-684.7917,-688.2507,-684.9219,-688.3901,0.1736,0.1098,0.2066,0.0909
44.0,-676.6934,-688.3659,0.2568,-0.2522,-676.7721,-688.2801,0.248,-0.2534,-676.9152,-688.4015,0.2522,-0.2553,0.0633,-1.8,-685.6499,-688.2568,-685.793,-688.3985,0.1877,0.1165,0.2246,0.1098
44.5,-677.5437,-688.6003,0.2253,-0.2466,-677.6358,-688.485,0.2179,-0.2481,-677.79,-688.6128,0.2218,-0.2503,0.0638,-1.8,-686.5105,-688.2415,-686.665,-688.3847,0.2003,0.1476,0.2466,0.1251
45.0,-678.4223,-688.7595,0.1942,-0.2397,-678.5071,-688.6642,0.1878,-0.2423,-678.6708,-688.7974,0.1913,-0.2446,0.0637,-1.8,-687.3733,-688.2049,-687.5375,-688.349,0.211,0.1276,0.2514,0.1345
45.5,-679.3031,-688.9129,0.1631,-0.2326,-679.3852,-688.8175,0.1579,-0.2361,-679.5569,-688.9551,0.161,-0.2385,0.0631,-1.8,-688.2381,-688.1474,-688.4102,-688.2918,0.22,0.1258,0.2572,0.1365
46.0,-680.1839,-689.0662,0.1321,-0.2255,-680.2692,-688.945,0.1285,-0.2299,-680.4473,-689.0861,0.1311,-0.2321,0.062,-1.8,-689.1043,-688.0694,-689.2826,-688.2137,0.2272,0.1483,0.2641,0.1304
46.5,-681.0839,-689.1563,0.1037,-0.2195,-681.1581,-689.0469,0.0998,-0.2238,-681.3411,-689.1906,0.1019,-0.2258,0.0605,-1.8,-689.9713,-687.9713,-690.1542,-688.1152,0.2327,0.1323,0.2595,0.1166
47.0,-681.9881,-689.2322,0.076,-0.2137,-682.0503,-689.1237,0.072,-0.218,-682.2376,-689.2693,0.0734,-0.2197,0.0585,-1.8,-690.8376,-687.8536,-691.0246,-687.9969,0.2373,0.1251,0.2523,0.0971
47.5,-682.8923,-689.3081,0.0482,-0.208,-682.9444,-689.1762,0.0453,-0.2127,-683.136,-689.323,0.046,-0.214,0.0562,-1.8,-691.7024,-687.7169,-691.8933,-687.8592,0.2414,0.1418,0.2442,0.074
48.0,-683.8012,-689.3328,0.0221,-0.2026,-683.8396,-689.2053,0.0196,-0.2081,-684.0355,-689.3525,0.0198,-0.209,0.0537,-1.8,-692.565,-687.5616,-692.7597,-687.7027,0.2451,0.1332,0.2351,0.0496
48.5,-684.7121,-689.3362,-0.0034,-0.1974,-684.7353,-689.2119,-0.0048,-0.2043,-684.9355,-689.3589,-0.0053,-0.2047,0.0511,-1.8,-693.425,-687.3883,-693.6235,-687.5279,0.2484,0.1264,0.2245,0.0256
49.0,-685.623,-689.3395,-0.0288,-0.1923,-685.6309,-689.1971,-0.0281,-0.2013,-685.8353,-689.3434,-0.029,-0.2014,0.0484,-1.8,-694.2818,-687.1974,-694.4842,-687.3353,0.2513,0.1426,0.2123,0.0027
49.5,-686.5295,-689.3051,-0.0509,-0.1899,-686.5259,-689.1621,-0.0502,-0.1993,-686.7345,-689.3071,-0.0515,-0.199,0.0459,-1.8,-695.135,-686.989,-695.3413,-687.1251,0.254,0.1431,0.2051,0.0184
50.0,-687.4329,-689.245,-0.0707,-0.1895,-687.42,-689.1078,-0.0712,-0.1982,-687.6328,-689.2511,-0.0729,-0.1976,0.0436,-1.8,-695.984,-686.7637,-696.1943,-686.8977,0.2565,0.1378,0.1999,0.0372
50.5,-688.3364,-689.1848,-0.0904,-0.189,-688.3127,-689.0352,-0.0912,-0.198,-688.5296,-689.1763,-0.0932,-0.1971,0.0417,-1.8,-696.8285,-686.5215,-697.0427,-686.6534,0.2588,0.1515,0.1934,0.0526
51.0,-689.234,-689.1006,-0.1079,-0.1912,-689.2037,-688.9449,-0.1106,-0.1985,-689.4248,-689.0837,-0.1128,-0.1973,0.0404,-1.8,-697.6679,-686.2626,-697.8862,-686.3922,0.2611,0.1587,0.1916,0.0641
51.5,-690.1254,-688.9908,-0.1228,-0.1962,-690.0927,-688.8376,-0.1297,-0.1994,-690.3181,-688.9738,-0.132,-0.1981,0.0398,-1.8,-698.5018,-685.9871,-698.7241,-686.1144,0.2634,0.1567,0.1934,0.0706
52.0,-691.0168,-688.881,-0.1377,-0.2012,-690.9794,-688.7133,-0.1487,-0.2004,-691.2091,-688.8469,-0.151,-0.1991,0.0398,-1.8,-699.3297,-685.6951,-699.5562,-685.82,0.2657,0.1718,0.1953,0.0702
52.5,-691.904,-688.7531,-0.1544,-0.2048,-691.8634,-688.5721,-0.168,-0.2012,-692.0975,-688.7031,-0.1701,-0.2001,0.0405,-1.8,-700.1513,-685.3867,-700.3821,-685.509,0.2682,0.1855,0.1999,0.0616
53.0,-692.7842,-688.5947,-0.1741,-0.2061,-692.7444,-688.4137,-0.1879,-0.2015,-692.983,-688.542,-0.1897,-0.2007,0.0416,-1.8,-700.9664,-685.0618,-701.2014,-685.1814,0.2709,0.1854,0.2056,0.0456
53.5,-693.6644,-688.4363,-0.1937,-0.2074,-693.6218,-688.2375,-0.2084,-0.2011,-693.8651,-688.3634,-0.2099,-0.2007,0.043,-1.8,-701.7746,-684.7206,-702.0139,-684.8374,0.2739,0.2034,0.2134,0.0242
54.0,-694.5409,-688.2619,-0.215,-0.2069,-694.4953,-688.0431,-0.2296,-0.2,-694.7433,-688.1668,-0.2308,-0.2,0.0445,-1.8,-702.5759,-684.3632,-702.8194,-684.4771,0.2771,0.2235,0.2237,0.0001
54.5,-695.4066,-688.042,-0.2408,-0.2016,-695.3644,-687.8299,-0.2514,-0.1981,-695.6171,-687.9515,-0.2524,-0.1985,0.0457,-1.8,-703.3701,-683.9898,-703.6176,-684.1005,0.2805,0.2162,0.2292,0.0236
55.0,-696.2723,-687.8221,-0.2666,-0.1962,-696.2286,-687.5977,-0.2736,-0.1955,-696.4861,-687.7172,-0.2744,-0.1963,0.0466,-1.8,-704.1571,-683.6005,-704.4085,-683.7079,0.2839,0.2286,0.2382,0.0429
55.5,-697.1352,-687.592,-0.2923,-0.1907,-697.0875,-687.3463,-0.2959,-0.1927,-697.3497,-687.4637,-0.2967,-0.1936,0.0468,-1.8,-704.9368,-683.1957,-705.1918,-683.2995,0.2872,0.2503,0.2499,0.0548
56.0,-697.9827,-687.3042,-0.3176,-0.1841,-697.9406,-687.0759,-0.318,-0.1897,-698.2073,-687.191,-0.3189,-0.1907,0.0464,-1.8,-705.7091,-682.7757,-705.9675,-682.8758,0.2905,0.2322,0.2516,0.0577
56.5,-698.8301,-687.0164,-0.3428,-0.1774,-698.7877,-686.7869,-0.3396,-0.1869,-699.0588,-686.8994,-0.3408,-0.1878,0.0453,-1.8,-706.4736,-682.3408,-706.7353,-682.437,0.2935,0.2334,0.2568,0.0515
57.0,-699.6769,-686.7263,-0.3677,-0.171,-699.6285,-686.48,-0.3604,-0.1847,-699.9037,-686.5895,-0.3621,-0.1853,0.0438,-1.8,-707.2303,-681.8915,-707.495,-681.9836,0.2963,0.2511,0.2649,0.0367
57.5,-700.5068,-686.381,-0.3857,-0.1704,-700.4628,-686.1559,-0.3804,-0.1831,-700.742,-686.2621,-0.3826,-0.1834,0.042,-1.8,-707.9788,-681.4281,-708.2465,-681.5159,0.2987,0.2294,0.2636,0.0149
58.0,-701.3368,-686.0358,-0.4036,-0.1698,-701.2907,-685.8157,-0.3995,-0.1824,-701.5736,-685.9178,-0.4022,-0.1822,0.0401,-1.8,-708.7188,-680.9509,-708.9893,-681.0343,0.3008,0.2248,0.2645,0.0111
58.5,-702.1667,-685.6905,-0.4216,-0.1692,-702.1121,-685.4601,-0.4177,-0.1825,-702.3984,-685.5578,-0.4209,-0.1818,0.0384,-1.8,-709.45,-680.4603,-709.7233,-680.539,0.3025,0.2368,0.267,0.0388
59.0,-702.9844,-685.3068,-0.4341,-0.1747,-702.927,-685.0899,-0.4352,-0.1833,-703.2164,-685.1826,-0.439,-0.1821,0.0371,-1.8,-710.172,-679.9564,-710.4481,-680.0304,0.3039,0.2244,0.2631,0.0659
59.5,-703.8012,-684.92,-0.4462,-0.1807,-703.7353,-684.7056,-0.4524,-0.1846,-704.0277,-684.7929,-0.4565,-0.183,0.0362,-1.8,-710.8844,-679.4395,-711.1634,-679.5086,0.3052,0.2244,0.2597,0.0877
60.0,-704.6179,-684.5333,-0.4582,-0.1867,-704.5368,-684.3075,-0.4694,-0.1861,-704.8321,-684.3893,-0.4736,-0.1844,0.0357,-1.8,-711.587,-678.9096,-711.8687,-678.9738,0.3064,0.2399,0.2581,0.0993
60.5,-705.4203,-684.1117,-0.477,-0.1868,-705.3315,-683.8959,-0.4865,-0.1878,-705.6295,-683.9721,-0.4906,-0.1861,0.0355,-1.8,-712.2792,-678.3669,-712.5638,-678.4261,0.3076,0.2334,0.2515,0.0985
61.0,-706.2194,-683.6823,-0.4972,-0.1855,-706.1188,-683.4708,-0.5037,-0.1895,-706.4197,-683.5413,-0.5076,-0.1879,0.0357,-1.8,-712.9608,-677.8115,-713.2483,-677.8657,0.309,0.2342,0.2449,0.0881
61.5,-707.0186,-683.2529,-0.5174,-0.1842,-706.8987,-683.0321,-0.5211,-0.1912,-707.2024,-683.0971,-0.5247,-0.1899,0.036,-1.8,-713.6315,-677.2434,-713.9217,-677.2926,0.3106,0.2512,0.241,0.074
62.0,-707.7967,-682.7891,-0.5335,-0.1859,-707.6707,-682.5799,-0.5386,-0.1929,-707.9774,-682.6396,-0.542,-0.1919,0.0364,-1.8,-714.291,-676.6629,-714.5838,-676.707,0.3125,0.2442,0.2346,0.0612
62.5,-708.5659,-682.311,-0.5479,-0.1887,-708.4346,-682.1143,-0.5563,-0.1947,-708.7444,-682.1686,-0.5595,-0.1938,0.037,-1.8,-714.9387,-676.0699,-715.2342,-676.1088,0.3145,0.2365,0.2283,0.0517
63.0,-709.3352,-681.8329,-0.5623,-0.1916,-709.1899,-681.6352,-0.5742,-0.1963,-709.5028,-681.6841,-0.5774,-0.1956,0.0378,-1.8,-715.5746,-675.4647,-715.8726,-675.4983,0.3167,0.2453,0.2241,0.0442
63.5,-710.0861,-681.329,-0.5777,-0.1931,-709.9364,-681.1425,-0.5926,-0.1977,-710.2524,-681.186,-0.5956,-0.1971,0.0388,-1.8,-716.1981,-674.8474,-716.4986,-674.8755,0.319,0.2391,0.2194,0.036
64.0,-710.8244,-680.8077,-0.5937,-0.1936,-710.6735,-680.6361,-0.6115,-0.1986,-710.9927,-680.6742,-0.6145,-0.1982,0.04,-1.8,-716.8091,-674.218,-717.112,-674.2405,0.3215,0.2285,0.2148,0.025
64.5,-711.5627,-680.2863,-0.6098,-0.1941,-711.4005,-680.1156,-0.6311,-0.1989,-711.723,-680.1482,-0.634,-0.1987,0.0416,-1.8,-717.4074,-673.5768,-717.7125,-673.5935,0.3241,0.2354,0.2115,0.0099
65.0,-712.2841,-679.7449,-0.6272,-0.1929,-712.1169,-679.5806,-0.6517,-0.1982,-712.4427,-679.6078,-0.6543,-0.1984,0.0435,-1.8,-717.9927,-672.9238,-718.2999,-672.9347,0.3269,0.2344,0.2096,0.0107
65.5,-712.9874,-679.1822,-0.6462,-0.1898,-712.8218,-679.0308,-0.6732,-0.1964,-713.151,-679.0526,-0.6755,-0.197,0.0456,-1.8,-718.5651,-672.2593,-718.8742,-672.2641,0.3299,0.2243,0.2087,0.0368
66.0,-713.6906,-678.6194,-0.6652,-0.1866,-713.5143,-678.4656,-0.6959,-0.1931,-713.847,-678.4821,-0.6979,-0.1943,0.0481,-1.8,-719.1246,-671.5835,-719.4353,-671.582,0.3331,0.234,0.2082,0.0683
66.5,-714.3793,-678.042,-0.6857,-0.1816,-714.1934,-677.8845,-0.7198,-0.1882,-714.5298,-677.8957,-0.7215,-0.19,0.0508,-1.8,-719.6714,-670.8965,-719.9833,-670.8886,0.3366,0.2437,0.2099,0.105
67.0,-715.0434,-677.4398,-0.7089,-0.1734,-714.8578,-677.2868,-0.7451,-0.1813,-715.1981,-677.2929,-0.7465,-0.1839,0.0537,-1.8,-720.2058,-670.1986,-720.5186,-670.1841,0.3403,0.2406,0.2133,0.1462
67.5,-715.7076,-676.8376,-0.7321,-0.1652,-715.5065,-676.6721,-0.7718,-0.1722,-715.8507,-676.6732,-0.7728,-0.1756,0.0566,-1.8,-720.7282,-669.4902,-721.0416,-669.469,0.3442,0.2604,0.218,0.1899
68.0,-716.3604,-676.2257,-0.7567,-0.1554,-716.1382,-676.0399,-0.7998,-0.1608,-716.4864,-676.036,-0.8006,-0.1649,0.0595,-1.8,-721.2394,-668.7716,-721.5527,-668.7435,0.3482,0.2896,0.2276,0.2325
68.5,-716.9813,-675.5859,-0.7854,-0.1408,-716.7518,-675.3899,-0.8286,-0.1473,-717.1037,-675.3811,-0.8296,-0.1518,0.0619,-1.8,-721.7401,-668.0434,-722.0527,-668.0083,0.3519,0.3018,0.2386,0.2538
69.0,-717.6022,-674.9462,-0.8141,-0.1262,-717.3459,-674.7229,-0.8577,-0.1321,-717.7012,-674.7084,-0.8596,-0.1362,0.0636,-1.7994,-722.2308,-667.307,-722.5426,-667.2641,0.3556,0.3399,0.2576,0.232
69.5,-718.216,-674.3011,-0.8438,-0.1105,-717.9198,-674.0398,-0.8864,-0.1157,-718.2782,-674.0179,-0.89,-0.1184,0.0639,-1.8,-722.7123,-666.5637,-723.0234,-666.5117,0.359,0.3949,0.2899,0.1546
70.0,-718.7895,-673.6257,-0.8792,-0.0881,-718.4737,-673.342,-0.9134,-0.0992,-718.8339,-673.31,-0.9203,-0.0989,0.0629,-1.8,-723.1854,-665.8145,-723.4964,-665.7519,0.3617,0.4246,0.3188,0.019
70.5,-719.3631,-672.9504,-0.9147,-0.0658,-719.007,-672.6319,-0.9398,-0.0817,-719.3661,-672.5887,-0.9499,-0.078,0.0614,-1.786,-723.6505,-665.062,-723.9611,-664.9891,0.3617,0.4777,0.3617,0.2137
71.0,-719.9346,-672.2737,-0.9505,-0.0431,-719.5175,-671.9144,-0.9649,-0.0636,-719.8594,-671.8783,-0.9778,-0.0564,0.06,-1.6735,-724.1064,-664.3111,-724.4045,-664.2487,0.3437,0.5505,0.4025,0.4122
71.5,-720.4568,-671.5646,-0.994,-0.0116,-719.9888,-671.217,-0.9882,-0.0453,-720.2802,-671.2372,-1.0019,-0.036,0.0585,-1.3943,-724.5384,-663.59,-724.7949,-663.5894,0.2921,0.5829,0.3719,0.532
72.0,-720.9263,-670.9269,-1.0331,0.0167,-720.363,-670.6365,-1.0082,-0.0279,-720.5957,-670.7336,-1.0201,-0.0195,0.0568,-0.9827,-724.8908,-662.9965,-725.0962,-663.0774,0.2522,0.6337,0.3829,0.4815
72.5,-721.2635,-670.4688,-1.0612,0.037,-720.6145,-670.2306,-1.024,-0.013,-720.7919,-670.4102,-1.0313,-0.0088,0.0544,-0.5303,-725.1339,-662.5855,-725.2877,-662.7512,0.2524,0.6914,0.4753,0.2438
73.0,-721.4677,-670.1916,-1.0782,0.0493,-720.7337,-670.0329,-1.0323,-0.0049,-720.8803,-670.2617,-1.0362,-0.004,0.0513,-0.1612,-725.2514,-662.3867,-725.3752,-662.6021,0.2717,0.7509,0.5916,0.0517
73.5,-721.5387,-670.0951,-1.0841,0.0536,-720.7566,-669.9945,-1.0337,-0.0035,-720.8946,-670.2374,-1.0369,-0.0032,0.0477,0.0235,-725.2741,-662.3483,-725.3894,-662.5779,0.2794,0.7885,0.6596,0.0159
