arc_m,x_r_m,y_r_m,theta_r_deg,beta_deg,nose_x_m,nose_y_m,theta_a_deg,kappa_r_1pm,steer_delta_deg,gear
0.000,-609.913,-649.950,30.000,0.000,-610.000,-650.000,30.000,0.000000,0.000,-1
0.000,-609.913,-649.950,30.000,0.000,-610.000,-650.000,30.000,0.000000,0.000,-1
1.000,-610.779,-650.450,29.999,0.000,-610.866,-650.500,29.999,0.000000,0.000,-1
2.000,-611.645,-650.950,29.998,0.000,-611.732,-651.000,29.998,-0.000000,-0.000,-1
3.000,-612.512,-651.450,29.997,0.000,-612.598,-651.500,29.997,-0.000066,-0.007,-1
4.000,-613.378,-651.950,29.993,0.000,-613.464,-652.000,29.993,-0.000000,-0.000,-1
5.000,-614.244,-652.450,29.990,0.000,-614.330,-652.500,29.990,-0.000000,-0.000,-1
6.000,-615.110,-652.950,29.986,0.000,-615.196,-653.000,29.986,-0.000306,-0.033,-1
7.000,-615.976,-653.449,29.970,0.000,-616.063,-653.499,29.970,-0.000000,-0.000,-1
8.000,-616.842,-653.949,29.954,0.000,-616.929,-653.999,29.954,-0.000000,-0.000,-1
9.000,-617.708,-654.449,29.938,0.000,-617.795,-654.499,29.938,-0.001363,-0.147,-1
10.000,-618.575,-654.947,29.867,0.000,-618.662,-654.997,29.867,-0.000000,-0.000,-1
11.000,-619.442,-655.446,29.796,0.000,-619.529,-655.495,29.796,-0.000005,-0.001,-1
12.000,-620.309,-655.944,29.725,0.000,-620.396,-655.994,29.725,-0.006054,-0.654,-1
13.000,-621.179,-656.437,29.410,0.000,-621.266,-656.486,29.410,0.000000,0.000,-1
14.000,-622.049,-656.931,29.094,0.000,-622.136,-656.979,29.094,-0.000098,-0.011,-1
15.000,-622.919,-657.424,28.774,0.000,-623.007,-657.472,28.774,-0.026909,-2.905,-1
16.000,-623.802,-657.893,27.357,0.000,-623.891,-657.939,27.357,0.000000,0.000,-1
17.000,-624.685,-658.363,25.940,0.000,-624.775,-658.406,25.940,-0.001770,-0.191,-1
18.000,-625.568,-658.831,24.532,0.142,-625.659,-658.872,24.675,-0.118932,-12.643,-1
19.000,-626.501,-659.190,23.695,9.857,-626.593,-659.230,33.552,0.000000,0.000,-1
20.000,-627.435,-659.550,22.857,19.571,-627.527,-659.589,42.429,0.001221,0.132,-1
21.000,-628.367,-659.910,22.161,28.727,-628.460,-659.948,50.888,0.033035,3.565,-1
22.000,-629.288,-660.302,25.292,22.756,-629.378,-660.344,48.048,-0.000000,-0.000,-1
23.000,-630.208,-660.693,28.422,16.785,-630.296,-660.741,45.207,0.024423,2.637,-1
23.997,-631.115,-661.105,31.656,10.614,-631.200,-661.158,42.271,0.261188,26.225,-1
24.997,-631.886,-661.742,35.995,2.312,-631.967,-661.801,38.306,0.000000,0.000,-1
25.997,-632.657,-662.379,40.333,-5.991,-632.734,-662.444,34.342,0.021999,2.376,-1
26.995,-633.413,-663.031,44.108,-13.374,-633.485,-663.101,30.734,0.134837,14.268,-1
27.995,-634.075,-663.781,44.434,-15.124,-634.147,-663.851,29.310,0.000000,0.000,-1
28.995,-634.737,-664.530,44.760,-16.874,-634.808,-664.601,27.886,-0.021944,-2.370,-1
29.994,-635.415,-665.265,44.547,-17.007,-635.486,-665.335,27.540,-0.100691,-10.753,-1
30.994,-636.163,-665.927,41.868,-9.721,-636.238,-665.994,32.146,0.000000,0.000,-1
31.994,-636.912,-666.590,39.188,-2.436,-636.990,-666.653,36.752,-0.031620,-3.413,-1
32.992,-637.680,-667.228,36.685,3.460,-637.760,-667.288,40.145,-0.123894,-13.152,-1
33.992,-638.522,-667.767,34.876,3.912,-638.604,-667.824,38.787,0.000000,0.000,-1
34.992,-639.365,-668.305,33.066,4.363,-639.449,-668.360,37.429,-0.007228,-0.781,-1
35.992,-640.211,-668.838,31.586,4.853,-640.296,-668.890,36.439,-0.025705,-2.776,-1
36.992,-641.071,-669.349,31.275,5.482,-641.156,-669.401,36.756,0.000000,0.000,-1
37.992,-641.931,-669.859,30.964,6.110,-642.016,-669.911,37.074,0.000088,0.009,-1
38.992,-642.790,-670.370,30.799,6.795,-642.876,-670.421,37.594,0.000303,0.033,-1
39.992,-643.650,-670.881,31.134,7.673,-643.735,-670.933,38.808,0.000000,0.000,-1
40.992,-644.509,-671.392,31.470,8.552,-644.595,-671.445,40.022,0.007993,0.864,-1
41.992,-645.365,-671.910,32.166,9.511,-645.449,-671.963,41.677,0.026783,2.892,-1
42.992,-646.206,-672.451,34.071,10.740,-646.289,-672.507,44.811,0.000000,0.000,-1
43.992,-647.047,-672.992,35.975,11.969,-647.128,-673.050,47.945,0.040405,4.358,-1
44.989,-647.864,-673.564,38.174,10.917,-647.942,-673.626,49.091,0.123119,13.073,-1
45.989,-648.606,-674.235,41.269,2.909,-648.681,-674.301,44.178,0.000000,0.000,-1
46.989,-649.348,-674.905,44.364,-5.098,-649.419,-674.975,39.266,0.042760,4.611,-1
47.987,-650.059,-675.605,47.029,-11.326,-650.127,-675.678,35.703,0.114672,12.203,-1
48.987,-650.686,-676.384,48.542,-12.780,-650.752,-676.458,35.763,0.000000,0.000,-1
49.987,-651.314,-677.162,50.056,-14.234,-651.378,-677.239,35.822,-0.000006,-0.001,-1
50.987,-651.941,-677.941,50.684,-15.851,-652.005,-678.018,34.833,-0.000014,-0.002,-1
51.987,-652.569,-678.719,49.170,-17.864,-652.634,-678.795,31.306,0.000000,0.000,-1
52.987,-653.197,-679.498,47.656,-19.877,-653.264,-679.572,27.779,-0.049248,-5.307,-1
53.984,-653.860,-680.242,45.646,-19.104,-653.930,-680.314,26.541,-0.108329,-11.547,-1
54.984,-654.602,-680.913,42.546,-12.206,-654.676,-680.980,30.340,0.000000,0.000,-1
55.984,-655.344,-681.583,39.446,-5.307,-655.421,-681.647,34.139,-0.055297,-5.954,-1
56.981,-656.120,-682.210,36.742,-0.767,-656.200,-682.270,35.975,-0.108749,-11.591,-1
57.981,-656.961,-682.750,34.817,-0.865,-657.043,-682.807,33.952,-0.000000,-0.000,-1
58.981,-657.803,-683.290,32.892,-0.964,-657.887,-683.344,31.928,-0.012938,-1.398,-1
59.981,-658.651,-683.819,31.498,-1.076,-658.736,-683.872,30.422,-0.023592,-2.548,-1
60.981,-659.512,-684.328,31.071,-1.213,-659.597,-684.380,29.858,0.000000,0.000,-1
61.981,-660.372,-684.837,30.644,-1.350,-660.458,-684.888,29.294,-0.002935,-0.317,-1
62.981,-661.235,-685.344,30.336,-1.507,-661.321,-685.395,28.829,-0.005249,-0.567,-1
63.981,-662.099,-685.846,30.240,-1.699,-662.186,-685.896,28.541,-0.000000,-0.000,-1
64.981,-662.964,-686.348,30.144,-1.890,-663.051,-686.398,28.253,-0.000669,-0.072,-1
65.981,-663.829,-686.850,30.074,-2.110,-663.916,-686.900,27.964,-0.001191,-0.129,-1
66.981,-664.695,-687.350,30.052,-2.378,-664.782,-687.400,27.673,-0.000000,-0.000,-1
67.981,-665.561,-687.851,30.029,-2.646,-665.648,-687.901,27.382,-0.000183,-0.020,-1
68.981,-666.427,-688.351,30.011,-2.953,-666.513,-688.401,27.058,-0.000325,-0.035,-1
69.981,-667.293,-688.851,30.001,-3.329,-667.379,-688.901,26.672,0.000000,0.000,-1
70.981,-668.159,-689.351,29.992,-3.705,-668.245,-689.401,26.287,-0.000184,-0.020,-1
71.981,-669.025,-689.851,29.977,-4.134,-669.112,-689.901,25.843,-0.000327,-0.035,-1
72.981,-669.891,-690.350,29.954,-4.659,-669.978,-690.400,25.295,0.000000,0.000,-1
73.981,-670.758,-690.850,29.932,-5.185,-670.844,-690.900,24.747,-0.000676,-0.073,-1
74.981,-671.624,-691.349,29.882,-5.786,-671.711,-691.399,24.096,-0.001200,-0.130,-1
75.981,-672.491,-691.847,29.785,-6.520,-672.578,-691.896,23.265,-0.000000,-0.000,-1
76.981,-673.359,-692.345,29.689,-7.255,-673.445,-692.394,22.434,-0.002982,-0.322,-1
77.981,-674.227,-692.840,29.471,-8.095,-674.314,-692.889,21.376,-0.005272,-0.570,-1
78.981,-675.099,-693.331,29.041,-9.122,-675.186,-693.379,19.919,0.000000,0.000,-1
79.981,-675.970,-693.821,28.610,-10.149,-676.058,-693.869,18.461,-0.013480,-1.456,-1
80.981,-676.848,-694.300,27.626,-11.325,-676.936,-694.347,16.301,-0.023373,-2.524,-1
81.981,-677.736,-694.759,25.684,-12.760,-677.827,-694.802,12.923,-0.000000,-0.000,-1
82.981,-678.625,-695.217,23.741,-14.196,-678.717,-695.257,9.545,-0.063440,-6.823,-1
83.978,-679.538,-695.617,21.326,-12.125,-679.631,-695.653,9.201,-0.102125,-10.902,-1
84.978,-680.490,-695.922,18.148,-4.409,-680.585,-695.954,13.739,0.000000,0.000,-1
85.978,-681.443,-696.228,14.971,3.308,-681.539,-696.254,18.278,-0.066984,-7.200,-1
86.974,-682.410,-696.468,12.335,8.304,-682.508,-696.490,20.638,-0.097148,-10.383,-1
87.974,-683.399,-696.614,10.484,9.355,-683.497,-696.633,19.839,-0.000000,-0.000,-1
88.974,-684.388,-696.760,8.634,10.407,-684.487,-696.775,19.040,-0.012222,-1.321,-1
89.974,-685.379,-696.894,7.572,11.632,-685.478,-696.908,19.204,-0.016449,-1.777,-1
90.974,-686.372,-697.012,7.572,13.090,-686.472,-697.025,20.662,0.000000,0.000,-1
91.974,-687.365,-697.130,7.572,14.549,-687.465,-697.143,22.121,0.012472,1.347,-1
92.974,-688.357,-697.259,8.377,16.254,-688.456,-697.274,24.631,0.016199,1.750,-1
93.974,-689.346,-697.405,10.228,18.279,-689.445,-697.423,28.506,0.000000,0.000,-1
94.974,-690.335,-697.551,12.078,20.304,-690.433,-697.572,32.382,0.074390,7.986,-1
95.971,-691.308,-697.770,14.530,18.293,-691.405,-697.795,32.823,0.089762,9.609,-1
96.971,-692.260,-698.075,17.707,11.414,-692.355,-698.106,29.121,0.000000,0.000,-1
97.971,-693.212,-698.381,20.885,4.534,-693.306,-698.417,25.419,0.079181,8.494,-1
98.968,-694.134,-698.760,23.472,1.004,-694.226,-698.799,24.476,0.086429,9.258,-1
99.968,-695.023,-699.218,25.414,1.130,-695.113,-699.261,26.545,-0.000000,-0.000,-1
100.968,-695.912,-699.676,27.357,1.257,-696.000,-699.722,28.614,0.018261,1.972,-1
101.967,-696.792,-700.151,28.550,1.408,-696.880,-700.198,29.958,0.018592,2.008,-1
102.967,-697.663,-700.641,28.981,1.584,-697.751,-700.690,30.565,0.000000,0.000,-1
103.967,-698.534,-701.132,29.411,1.761,-698.621,-701.181,31.172,0.004126,0.446,-1
104.967,-699.404,-701.627,29.675,1.972,-699.490,-701.676,31.647,0.004125,0.446,-1
105.967,-700.271,-702.124,29.771,2.218,-700.358,-702.174,31.990,0.000000,0.000,-1
106.967,-701.138,-702.622,29.868,2.465,-701.225,-702.672,32.333,0.000931,0.101,-1
107.967,-702.005,-703.121,29.927,2.761,-702.091,-703.171,32.688,0.000927,0.100,-1
108.967,-702.871,-703.621,29.949,3.106,-702.958,-703.671,33.055,0.000000,0.000,-1
109.967,-703.737,-704.120,29.971,3.451,-703.824,-704.170,33.422,0.000218,0.024,-1
110.967,-704.604,-704.620,29.985,3.865,-704.690,-704.670,33.849,0.000216,0.023,-1
111.967,-705.470,-705.120,29.990,4.347,-705.556,-705.170,34.338,0.000000,0.000,-1
112.967,-706.336,-705.620,29.996,4.830,-706.422,-705.670,34.826,0.000084,0.009,-1
113.967,-707.202,-706.120,30.002,5.409,-707.288,-706.170,35.410,0.000084,0.009,-1
114.967,-708.068,-706.620,30.006,6.083,-708.154,-706.670,36.090,-0.000000,-0.000,-1
115.967,-708.934,-707.120,30.011,6.758,-709.020,-707.170,36.770,0.000175,0.019,-1
116.967,-709.800,-707.620,30.022,7.567,-709.886,-707.670,37.590,0.000174,0.019,-1
117.967,-710.665,-708.120,30.040,8.509,-710.752,-708.170,38.549,-0.000000,-0.000,-1
118.967,-711.531,-708.621,30.057,9.452,-711.618,-708.671,39.509,0.000731,0.079,-1
119.967,-712.397,-709.122,30.103,10.580,-712.483,-709.172,40.684,0.000726,0.079,-1
120.967,-713.262,-709.623,30.179,11.893,-713.348,-709.674,42.072,0.000000,0.000,-1
121.967,-714.127,-710.125,30.255,13.206,-714.213,-710.175,43.461,0.003243,0.350,-1
122.967,-714.990,-710.629,30.461,14.775,-715.077,-710.680,45.236,0.003215,0.347,-1
123.967,-715.852,-711.137,30.798,16.598,-715.938,-711.188,47.395,0.000000,0.000,-1
124.967,-716.714,-711.644,31.134,18.420,-716.800,-711.696,49.554,0.014522,1.569,-1
125.967,-717.568,-712.163,32.061,20.591,-717.653,-712.217,52.652,0.014251,1.540,-1
126.967,-718.415,-712.695,33.568,23.102,-718.499,-712.750,56.670,-0.000000,-0.000,-1
127.967,-719.262,-713.227,35.075,25.614,-719.344,-713.284,60.689,0.066156,7.112,-1
128.965,-720.070,-713.812,39.021,23.665,-720.148,-713.875,62.686,0.062418,6.714,-1
129.965,-720.842,-714.448,45.268,17.508,-720.912,-714.519,62.776,0.000000,0.000,-1
130.965,-721.614,-715.084,51.514,11.351,-721.676,-715.163,62.865,0.000000,0.000,-1
131.439,-721.979,-715.385,54.472,8.435,-722.037,-715.467,62.907,0.000000,0.000,-1
